<?xml version="1.0" encoding="UTF-8"?>
<!DOCTYPE coverity SYSTEM "coverity_config.dtd">
<coverity>
<!-- THIS FILE IS AUTOMATICALLY GENERATED - YOU MAY ADD XML ENTITIES -->
<!-- TO UPDATE THE COMPILER CONFIGURATION AFTER THE begin_command_line_config ENTITY. -->

    <cit_version>1</cit_version>
    <config>
      <build>
        <compiler>
          <comp_name>cl</comp_name>
          <comp_dir>c:\program files (x86)\microsoft visual studio\2019\professional\vc\tools\msvc\14.28.29333\bin\hostx86\x86</comp_dir>
          <comp_translator>msvc_cxx</comp_translator>
          <comp_lang>C/C++</comp_lang>
          <comp_front_end>cov-emit</comp_front_end>
          <comp_desc>Microsoft Visual Studio (C++) (CIT)</comp_desc>
          <comp_cxx>true</comp_cxx>
          <comp_generic>msvc</comp_generic>
          <comp_require>/Gd</comp_require>
          <id>msvc_cxx-cl-1928-319a726c964d13546637c37ead7b4e38-0</id>
          <version>1928</version>
          <could_require_regen>true</could_require_regen>
          <is_compiler>true</is_compiler>
          <is_linker>true</is_linker>
          <target_platform>x86</target_platform>
        </compiler>
        <options>
          <id>msvc_cxx-cl-1928-319a726c964d13546637c37ead7b4e38-0</id>
          <instrument_predicates>
            <insert>
              <insertion_string>/Gm- /I&quot;[[:cov_lib_header_path:]]&quot;</insertion_string>
              <precedes_regex>(^|\s)[-/]link</precedes_regex>
              <follows_regex>(^|\s)@\S+</follows_regex>
              <follows_regex>(^|\s)/Gm</follows_regex>
            </insert>
            <if>
              <conditions>
                <cond>
                  <contains_regex>[-/]link]</contains_regex>
                </cond>
              </conditions>
              <then>
                <insert>
                  <insertion_string>/LIBPATH:&quot;[[:cov_lib_path:]]&quot; [[:cov_lib_name:]]</insertion_string>
                  <follows_regex>[-/]link</follows_regex>
                </insert>
              </then>
            </if>
            <else>
              <insert>
                <insertion_string>/link /LIBPATH:&quot;[[:cov_lib_path:]]&quot; [[:cov_lib_name:]]</insertion_string>
                <follows_regex>.*</follows_regex>
              </insert>
            </else>
          </instrument_predicates>
          <instrument_variable>
            <var_name>cov_instrument_config_version</var_name>
            <cond_platform_value>
              <platform_name>all</platform_name>
              <var_value>3</var_value>
            </cond_platform_value>
          </instrument_variable>
          <instrument_variable>
            <var_name>cov_lib_deployment_path</var_name>
            <cond_platform_value>
              <platform_name>all</platform_name>
              <var_value>C:\hudson_home\workspace\Admin_Tools\SCAN\make-scan-kits.win64\cov-analysis-win64-2020.09\lib</var_value>
            </cond_platform_value>
          </instrument_variable>
          <instrument_variable>
            <var_name>cov_lib_header_path</var_name>
            <cond_platform_value>
              <platform_name>all</platform_name>
              <var_value>C:\hudson_home\workspace\Admin_Tools\SCAN\make-scan-kits.win64\cov-analysis-win64-2020.09\sdk\runtime\ta-runtime</var_value>
            </cond_platform_value>
          </instrument_variable>
          <instrument_variable>
            <var_name>cov_lib_name</var_name>
            <cond_platform_value>
              <platform_name>x64</platform_name>
              <var_value>libci-runtime-x64.lib</var_value>
            </cond_platform_value>
            <cond_platform_value>
              <platform_name>x86</platform_name>
              <var_value>libci-runtime-x86.lib</var_value>
            </cond_platform_value>
          </instrument_variable>
          <instrument_variable>
            <var_name>cov_lib_path</var_name>
            <cond_platform_value>
              <platform_name>all</platform_name>
              <var_value>C:\hudson_home\workspace\Admin_Tools\SCAN\make-scan-kits.win64\cov-analysis-win64-2020.09\lib</var_value>
            </cond_platform_value>
          </instrument_variable>
          <template_config_option_id>msvc_cxx-cl-.*</template_config_option_id>
          <preprocess_output_dir_switch>/Fo</preprocess_output_dir_switch>
          <preprocess_remove_arg>[-/]Fo.+</preprocess_remove_arg>
          <preprocess_remove_arg>[-/]c</preprocess_remove_arg>
          <preprocess_remove_arg>[-/]WX</preprocess_remove_arg>
          <preprocess_remove_next_arg>[-/]Fo</preprocess_remove_next_arg>
          <preprocess_response_file>
            <switch>@</switch>
            <suffix>.rsp</suffix>
            <format>default</format>
          </preprocess_response_file>
          <preprocess_switch>/E</preprocess_switch>
          <preprocess_compile_switch>/C</preprocess_compile_switch>
          <preprocess_output>-</preprocess_output>
          <fix_macro_regex>replace/-D(.*)/\/D$1</fix_macro_regex>
          <pre_preinclude_file>$CONFIGDIR$\coverity-compiler-compat.h</pre_preinclude_file>
          <macro_pre_preinclude_file>$CONFIGDIR$\coverity-macro-compat.h</macro_pre_preinclude_file>
          <prepend_arg>--no_stdarg_builtin</prepend_arg>
          <prepend_arg>--microsoft</prepend_arg>
          <prepend_arg>--no_predefined_cplusplus</prepend_arg>
          <prepend_arg>-w</prepend_arg>
          <prepend_arg>--no_predefines</prepend_arg>
          <prepend_arg>--comp_ver</prepend_arg>
          <prepend_arg>1928</prepend_arg>
          <prepend_arg>--size_t_type=j</prepend_arg>
          <prepend_arg>--ptrdiff_t_type=i</prepend_arg>
          <prepend_arg>--type_sizes=w2x8li4s2ed8fP4</prepend_arg>
          <prepend_arg>--type_alignments=w2x8li4s2ed8fP4</prepend_arg>
          <prepend_arg>--char_bit_size=8</prepend_arg>
          <prepend_arg>--enable_declspec</prepend_arg>
          <prepend_arg>--calling_convention_group</prepend_arg>
          <prepend_arg>default,cdecl</prepend_arg>
          <prepend_arg>--inline_keyword</prepend_arg>
          <prepend_arg>--has_include_macro</prepend_arg>
          <prepend_arg>--no_has_include_next_macro</prepend_arg>
          <prepend_arg>--has_cpp_attribute_macro</prepend_arg>
          <skip_file>conftest\.c{1,2}$</skip_file>
          <skip_file>conftest\.cpp$</skip_file>
          <skip_file>cgo-cc-input-[0-9]+\.(c|cc|cpp|cxx)</skip_file>
          <opt_preinclude_file>$CONFIGDIR$/../user_nodefs.h</opt_preinclude_file>
          <pch_options>
            <archetype>msvc</archetype>
          </pch_options>
          <expand>
            <options>
              <args_from_env_var>
                <prepend>CL</prepend>
                <append>_CL_</append>
              </args_from_env_var>
              <includes_from_env_var>INCLUDE</includes_from_env_var>
              <includes_from_env_var_are_sys_includes>true</includes_from_env_var_are_sys_includes>
              <intern_split_response_file_fn>msvc_split</intern_split_response_file_fn>
              <replace_arg_regex>
                <replace>@(.*)</replace>
                <with>--coverity_resp_file=$1</with>
              </replace_arg_regex>
            </options>
          </expand>
          <pre_trans>
            <options>
              <intern_trans>msvc_pre_translate</intern_trans>
            </options>
          </pre_trans>
          <trans>
            <options>
              <prepend_arg>--c++</prepend_arg>
            </options>
          </trans>
          <begin_command_line_config></begin_command_line_config>
        </options>
      </build>
    </config>
    <md5>072bdc8053659b9a467fd378f8d75e03</md5>
</coverity>

