<?xml version="1.0" encoding="UTF-8"?>
<!DOCTYPE coverity SYSTEM "config.dtd">
<coverity>

<metrics>
    <metric>
        <name>time</name>
        <value>1146</value>
    </metric>
    <metric>
        <name>args</name>
        <value>cov-build --dir cov-int release.bat</value>
    </metric>
    <metric>
        <name>host</name>
        <value>VERT</value>
    </metric>
    <metric>
        <name>short-platform</name>
        <value>win64</value>
    </metric>
    <metric>
        <name>platform</name>
        <value>Windows 10 Professional, 64-bit (build 19041)</value>
    </metric>
    <metric>
        <name>ident</name>
        <value>2020.09 (build 3412dc3383 p-upland-push-1502)</value>
    </metric>
    <metric>
        <name>user</name>
        <value>Rob</value>
    </metric>
    <metric>
        <name>cwd</name>
        <value>E:\sbbs\src\sbbs3</value>
    </metric>
    <metric>
        <name>config</name>
        <value>C:\cov-analysis-win64-2020.09\config\coverity_config.xml</value>
    </metric>
    <metric>
        <name>intermediatedir</name>
        <value>E:\sbbs\src\sbbs3\cov-int</value>
    </metric>
    <metric>
        <name>outputdir</name>
        <value>E:\sbbs\src\sbbs3\cov-int\output</value>
    </metric>
    <metric>
        <name>emitdir</name>
        <value>E:\sbbs\src\sbbs3\cov-int\emit</value>
    </metric>
    <metric>
        <name>force</name>
        <value>no</value>
    </metric>
    <metric>
        <name>cygwin</name>
        <value>no</value>
    </metric>
    <metric>
        <name>failures</name>
        <value>0</value>
    </metric>
    <metric>
        <name>successes</name>
        <value>276</value>
    </metric>
    <metric>
        <name>recoverable-errors</name>
        <value>0</value>
    </metric>
    <metric>
        <name>dotnet-webapps-detected</name>
        <value>0</value>
    </metric>
    <metric>
        <name>dotnet-webapp-successes</name>
        <value>0</value>
    </metric>
    <metric>
        <name>dotnet-webapp-compilation-secs</name>
        <value>0</value>
    </metric>
    <metric>
        <name>buildcmd</name>
        <value>release.bat</value>
    </metric>
</metrics>
</coverity>
