<?xml version="1.0" encoding="UTF-8"?>
<!DOCTYPE coverity SYSTEM "coverity_config.dtd">
<coverity>
<!-- THIS FILE IS AUTOMATICALLY GENERATED - YOU MAY ADD XML ENTITIES -->
<!-- TO UPDATE THE COMPILER CONFIGURATION AFTER THE begin_command_line_config ENTITY. -->

    <cit_version>1</cit_version>
    <config>
      <build>
        <compiler>
          <comp_name>link</comp_name>
          <comp_dir>C:\Program Files (x86)\Microsoft Visual Studio\2019\Professional\VC\Tools\MSVC\14.28.29333\bin\HostX86\x86</comp_dir>
          <comp_translator>msvc_link</comp_translator>
          <comp_lang>C/C++</comp_lang>
          <comp_front_end>cov-emit</comp_front_end>
          <comp_desc>Microsoft Visual Studio Linker (CIT)</comp_desc>
          <comp_cxx>true</comp_cxx>
          <comp_generic>msvc</comp_generic>
          <comp_require></comp_require>
          <id>msvc_link-link-4136d1842236ef1f4c0fdc703d32f21d-0</id>
          <target_platform_fn>microsoft</target_platform_fn>
          <is_compiler>false</is_compiler>
          <is_linker>true</is_linker>
        </compiler>
        <options>
          <id>msvc_link-link-4136d1842236ef1f4c0fdc703d32f21d-0</id>
          <instrument_predicates>
            <insert>
              <insertion_string>/LIBPATH:&quot;[[:cov_lib_path:]]&quot; [[:cov_lib_name:]]</insertion_string>
              <follows_regex>.</follows_regex>
            </insert>
          </instrument_predicates>
          <instrument_variable>
            <var_name>cov_instrument_config_version</var_name>
            <cond_platform_value>
              <platform_name>all</platform_name>
              <var_value>3</var_value>
            </cond_platform_value>
          </instrument_variable>
          <instrument_variable>
            <var_name>cov_lib_deployment_path</var_name>
            <cond_platform_value>
              <platform_name>all</platform_name>
              <var_value>C:\hudson_home\workspace\Admin_Tools\SCAN\make-scan-kits.win64\cov-analysis-win64-2020.09\lib</var_value>
            </cond_platform_value>
          </instrument_variable>
          <instrument_variable>
            <var_name>cov_lib_header_path</var_name>
            <cond_platform_value>
              <platform_name>all</platform_name>
              <var_value>C:\hudson_home\workspace\Admin_Tools\SCAN\make-scan-kits.win64\cov-analysis-win64-2020.09\sdk\runtime\ta-runtime</var_value>
            </cond_platform_value>
          </instrument_variable>
          <instrument_variable>
            <var_name>cov_lib_name</var_name>
            <cond_platform_value>
              <platform_name>x64</platform_name>
              <var_value>libci-runtime-x64.lib</var_value>
            </cond_platform_value>
            <cond_platform_value>
              <platform_name>x86</platform_name>
              <var_value>libci-runtime-x86.lib</var_value>
            </cond_platform_value>
          </instrument_variable>
          <instrument_variable>
            <var_name>cov_lib_path</var_name>
            <cond_platform_value>
              <platform_name>all</platform_name>
              <var_value>C:\hudson_home\workspace\Admin_Tools\SCAN\make-scan-kits.win64\cov-analysis-win64-2020.09\lib</var_value>
            </cond_platform_value>
          </instrument_variable>
          <template_config_option_id>msvc_link-link-.*</template_config_option_id>
          <expand>
            <options>
              <args_from_env_var>
                <prepend>CL</prepend>
                <append>_CL_</append>
              </args_from_env_var>
              <includes_from_env_var>INCLUDE</includes_from_env_var>
              <includes_from_env_var_are_sys_includes>true</includes_from_env_var_are_sys_includes>
              <intern_split_response_file_fn>msvc_split</intern_split_response_file_fn>
              <replace_arg_regex>
                <replace>@(.*)</replace>
                <with>--coverity_resp_file=$1</with>
              </replace_arg_regex>
            </options>
          </expand>
          <pre_trans>
            <options>
              <intern_trans>msvc_pre_translate</intern_trans>
            </options>
          </pre_trans>
          <begin_command_line_config></begin_command_line_config>
        </options>
      </build>
    </config>
    <md5>23f2515ee9589dc2255c9688f13d497e</md5>
</coverity>

